AccessID,CustomerID,AccessDate,PageVisited
AID1,CUSID1,2/20/2023,Home
AID2,CUSID2,5/2/2023,Products
AID3,CUSID3,10/16/2023,Contact Us
AID4,CUSID4,10/31/2023,About Us
AID5,CUSID5,6/11/2023,Home
AID6,CUSID6,3/11/2023,Products
AID7,CUSID7,5/27/2023,Careers
AID8,CUSID8,5/5/2023,Home
AID9,CUSID9,9/28/2023,Products
AID10,CUSID10,2/28/2023,Product Details
AID11,CUSID11,10/30/2023,Login
AID12,CUSID12,3/4/2023,Register
AID13,CUSID13,5/16/2023,Home
AID14,CUSID14,4/16/2023,Products
AID15,CUSID15,8/21/2023,Contact Us
AID16,CUSID16,2/25/2023,About Us
AID17,CUSID17,12/24/2023,Home
AID18,CUSID18,10/7/2023,Products
AID19,CUSID19,9/10/2023,Careers
AID20,CUSID20,2/19/2024,Home
AID21,CUSID21,10/25/2023,Products
AID22,CUSID22,3/22/2023,Product Details
AID23,CUSID23,6/3/2023,Login
AID24,CUSID24,12/30/2023,Register
AID25,CUSID25,4/15/2023,Home
AID26,CUSID26,1/22/2024,Products
AID27,CUSID27,2/1/2024,Contact Us
AID28,CUSID28,9/5/2023,About Us
AID29,CUSID29,11/30/2023,Home
AID30,CUSID30,11/20/2023,Login
AID31,CUSID31,9/22/2023,Register
AID32,CUSID32,6/30/2023,Home
AID33,CUSID33,11/28/2023,Products
AID34,CUSID34,1/19/2024,Contact Us
AID35,CUSID35,4/14/2023,About Us
AID36,CUSID36,11/2/2023,Home
AID37,CUSID37,6/27/2023,Home
AID38,CUSID38,10/29/2023,Products
AID39,CUSID39,1/20/2024,Contact Us
AID40,CUSID40,8/4/2023,About Us
AID41,CUSID41,1/17/2024,Home
AID42,CUSID42,12/14/2023,Products
AID43,CUSID43,1/27/2024,Careers
AID44,CUSID44,10/12/2023,Home
AID45,CUSID45,3/23/2023,Products
AID46,CUSID46,11/21/2023,Product Details
AID47,CUSID47,11/26/2023,Login
AID48,CUSID48,4/16/2023,Register
AID49,CUSID49,5/13/2023,Home
AID50,CUSID50,5/10/2023,Products
AID51,CUSID51,10/14/2023,Contact Us
AID52,CUSID52,4/6/2023,About Us
AID53,CUSID53,3/18/2023,Home
AID54,CUSID54,7/14/2023,Products
AID55,CUSID55,6/30/2023,Careers
AID56,CUSID56,2/7/2024,Home
AID57,CUSID57,9/12/2023,Products
AID58,CUSID58,7/5/2023,Product Details
AID59,CUSID59,3/20/2023,Login
AID60,CUSID60,6/26/2023,Register
AID61,CUSID61,6/27/2023,Home
AID62,CUSID62,10/10/2023,Products
AID63,CUSID63,5/28/2023,Contact Us
AID64,CUSID64,11/10/2023,About Us
AID65,CUSID65,10/1/2023,Home
AID66,CUSID66,3/25/2023,Login
AID67,CUSID67,5/18/2023,Register
AID68,CUSID68,8/20/2023,Home
AID69,CUSID69,6/22/2023,Products
AID70,CUSID70,10/23/2023,Contact Us
AID71,CUSID71,4/18/2023,About Us
AID72,CUSID72,2/20/2023,Home
AID73,CUSID73,8/29/2023,Home
AID74,CUSID74,2/3/2024,Products
AID75,CUSID75,11/1/2023,Contact Us
AID76,CUSID76,3/18/2023,About Us
AID77,CUSID77,10/6/2023,Home
AID78,CUSID78,6/27/2023,Products
AID79,CUSID79,7/25/2023,Careers
AID80,CUSID80,8/19/2023,Home
AID81,CUSID81,9/25/2023,Products
AID82,CUSID82,2/10/2024,Product Details
AID83,CUSID83,3/17/2023,Login
AID84,CUSID84,11/23/2023,Register
AID85,CUSID85,3/3/2023,Home
AID86,CUSID86,9/2/2023,Products
AID87,CUSID87,4/25/2023,Contact Us
AID88,CUSID88,2/28/2023,About Us
AID89,CUSID89,7/7/2023,Home
AID90,CUSID90,9/16/2023,Products
AID91,CUSID91,6/26/2023,Careers
AID92,CUSID92,4/22/2023,Home
AID93,CUSID93,4/27/2023,Products
AID94,CUSID94,7/6/2023,Product Details
AID95,CUSID95,7/25/2023,Login
AID96,CUSID96,9/6/2023,Register
AID97,CUSID97,10/21/2023,Home
AID98,CUSID98,9/30/2023,Products
AID99,CUSID99,4/28/2023,Contact Us
AID100,CUSID100,4/16/2023,About Us
AID101,CUSID101,1/3/2024,Home
AID102,CUSID102,11/19/2023,Login
AID103,CUSID103,10/18/2023,Register
AID104,CUSID104,11/26/2023,Home
AID105,CUSID105,12/12/2023,Products
AID106,CUSID106,10/19/2023,Contact Us
AID107,CUSID107,4/8/2023,About Us
AID108,CUSID108,7/26/2023,Home
AID109,CUSID109,1/31/2024,Logout
AID110,CUSID110,3/28/2023,Feedback
AID111,CUSID111,6/6/2023,Wishlist
AID112,CUSID112,9/26/2023,Cart
AID113,CUSID113,5/23/2023,Cart
AID114,CUSID114,5/28/2023,Cart
AID115,CUSID115,9/19/2023,Cart
AID116,CUSID116,9/16/2023,Wishlist
AID117,CUSID117,5/21/2023,Wishlist
AID118,CUSID118,8/26/2023,Wishlist
AID119,CUSID119,7/9/2023,Cart
AID120,CUSID120,2/26/2023,Home
AID121,CUSID121,2/22/2023,Logout
AID122,CUSID122,8/8/2023,Feedback
AID123,CUSID123,2/6/2024,Wishlist
AID124,CUSID124,10/30/2023,Cart
AID125,CUSID125,2/4/2024,Cart
AID126,CUSID126,7/10/2023,Feedback
AID127,CUSID127,4/1/2023,Wishlist
AID128,CUSID128,7/23/2023,Feedback
AID129,CUSID129,2/22/2023,Wishlist
AID130,CUSID130,9/21/2023,Feedback
AID131,CUSID131,1/23/2024,Wishlist
AID132,CUSID132,10/14/2023,Register
AID133,CUSID133,6/30/2023,Home
AID134,CUSID134,12/20/2023,Products
AID135,CUSID135,4/9/2023,Contact Us
AID136,CUSID136,10/29/2023,About Us
AID137,CUSID137,11/13/2023,Register
AID138,CUSID138,3/28/2023,Home
AID139,CUSID139,2/19/2024,Products
AID140,CUSID140,12/11/2023,Contact Us
AID141,CUSID141,3/30/2023,About Us
AID142,CUSID142,4/21/2023,Contact Us
AID143,CUSID143,1/21/2024,About Us
AID144,CUSID144,9/13/2023,Contact Us
AID145,CUSID145,6/30/2023,About Us
AID146,CUSID146,7/31/2023,Contact Us
AID147,CUSID147,5/20/2023,About Us
AID148,CUSID148,2/18/2024,Contact Us
AID149,CUSID149,4/9/2023,About Us
AID150,CUSID150,9/25/2023,Contact Us
AID151,CUSID151,8/16/2023,About Us
AID152,CUSID152,3/29/2023,Contact Us
AID153,CUSID153,10/14/2023,About Us
AID154,CUSID154,11/22/2023,Products
AID155,CUSID155,11/11/2023,Products
AID156,CUSID156,1/18/2024,Products
AID157,CUSID157,11/21/2023,Products
AID158,CUSID158,1/10/2024,Products
AID159,CUSID159,2/2/2024,Products
AID160,CUSID160,5/20/2023,Products
AID161,CUSID161,7/23/2023,Products
AID162,CUSID162,5/12/2023,Products
AID163,CUSID163,6/13/2023,Products
AID164,CUSID164,3/9/2023,Products
AID165,CUSID165,7/28/2023,Products
AID166,CUSID166,1/15/2024,Login
AID167,CUSID167,4/30/2023,Register
AID168,CUSID168,7/3/2023,Home
AID169,CUSID169,4/28/2023,Products
AID170,CUSID170,4/21/2023,Contact Us
AID171,CUSID171,5/8/2023,About Us
AID172,CUSID172,7/22/2023,Home
AID173,CUSID173,5/22/2023,Logout
AID174,CUSID174,12/12/2023,Feedback
AID175,CUSID175,4/22/2023,Wishlist
AID176,CUSID176,6/14/2023,Login
AID177,CUSID177,4/6/2023,Register
AID178,CUSID178,9/5/2023,Home
AID179,CUSID179,7/13/2023,Products
AID180,CUSID180,6/3/2023,Contact Us
AID181,CUSID181,6/30/2023,About Us
AID182,CUSID182,9/14/2023,Home
AID183,CUSID183,10/27/2023,Logout
AID184,CUSID184,10/13/2023,Feedback
AID185,CUSID185,12/3/2023,Wishlist
AID186,CUSID186,4/9/2023,Login
AID187,CUSID187,8/8/2023,Register
AID188,CUSID188,12/1/2023,Home
AID189,CUSID189,2/19/2024,Products
AID190,CUSID190,12/21/2023,Contact Us
AID191,CUSID191,8/17/2023,About Us
AID192,CUSID192,10/14/2023,Home
AID193,CUSID193,6/19/2023,Logout
AID194,CUSID194,11/8/2023,Feedback
AID195,CUSID195,9/9/2023,Wishlist
AID196,CUSID196,4/16/2023,Login
AID197,CUSID197,9/9/2023,Register
AID198,CUSID198,12/21/2023,Home
AID199,CUSID199,12/25/2023,Products
AID200,CUSID200,3/6/2023,Contact Us
AID201,CUSID201,11/6/2023,About Us
AID202,CUSID202,1/25/2024,Home
AID203,CUSID203,6/18/2023,Logout
AID204,CUSID204,7/14/2023,Feedback
AID205,CUSID205,7/22/2023,Wishlist
AID206,CUSID206,2/16/2024,Login
AID207,CUSID207,11/26/2023,Register
AID208,CUSID208,2/7/2024,Home
AID209,CUSID209,9/8/2023,Products
AID210,CUSID210,8/20/2023,Contact Us
AID211,CUSID211,12/10/2023,About Us
AID212,CUSID212,8/2/2023,Home
AID213,CUSID213,2/18/2024,Logout
AID214,CUSID214,1/3/2024,Feedback
AID215,CUSID215,11/1/2023,Wishlist
AID216,CUSID216,5/21/2023,Login
AID217,CUSID217,12/30/2023,Register
AID218,CUSID218,3/16/2023,Home
AID219,CUSID219,5/5/2023,Products
AID220,CUSID220,4/15/2023,Contact Us
AID221,CUSID221,9/6/2023,About Us
AID222,CUSID222,4/20/2023,Home
AID223,CUSID223,6/21/2023,Logout
AID224,CUSID224,12/1/2023,Feedback
AID225,CUSID225,10/31/2023,Wishlist
AID226,CUSID226,9/27/2023,Cart
AID227,CUSID227,12/19/2023,Cart
AID228,CUSID228,3/8/2023,Cart
AID229,CUSID229,1/20/2024,Cart
AID230,CUSID230,5/24/2023,Cart
AID231,CUSID231,12/8/2023,Cart
AID232,CUSID232,4/25/2023,Cart
AID233,CUSID233,8/23/2023,Cart
AID234,CUSID234,2/22/2023,Cart
AID235,CUSID235,1/28/2024,Cart
AID236,CUSID236,5/18/2023,Cart
AID237,CUSID237,12/3/2023,Login
AID238,CUSID238,8/3/2023,Register
AID239,CUSID239,2/20/2023,Home
AID240,CUSID240,2/7/2024,Products
AID241,CUSID241,4/15/2023,Contact Us
AID242,CUSID242,2/2/2024,About Us
AID243,CUSID243,11/5/2023,Home
AID244,CUSID244,8/17/2023,Logout
AID245,CUSID245,11/15/2023,Feedback
AID246,CUSID246,6/27/2023,Wishlist
AID247,CUSID247,7/27/2023,Login
AID248,CUSID248,8/1/2023,Register
AID249,CUSID249,11/23/2023,Home
AID250,CUSID250,12/10/2023,Products
AID251,CUSID251,6/5/2023,Login
AID252,CUSID252,10/1/2023,Register
AID253,CUSID253,6/11/2023,Home
AID254,CUSID254,7/11/2023,Products
AID255,CUSID255,6/30/2023,Contact Us
AID256,CUSID256,1/13/2024,About Us
AID257,CUSID257,10/14/2023,Home
AID258,CUSID258,12/28/2023,Logout
AID259,CUSID259,4/29/2023,Feedback
AID260,CUSID260,6/2/2023,Wishlist
AID261,CUSID261,7/6/2023,Login
AID262,CUSID262,7/5/2023,Register
AID263,CUSID263,10/9/2023,Home
AID264,CUSID264,12/29/2023,Products
AID265,CUSID265,8/12/2023,Login
AID266,CUSID266,9/25/2023,Register
AID267,CUSID267,11/22/2023,Home
AID268,CUSID268,12/18/2023,Products
AID269,CUSID269,6/8/2023,Contact Us
AID270,CUSID270,5/21/2023,About Us
AID271,CUSID271,5/30/2023,Home
AID272,CUSID272,11/18/2023,Logout
AID273,CUSID273,3/31/2023,Feedback
AID274,CUSID274,8/10/2023,Wishlist
AID275,CUSID275,3/25/2023,Login
AID276,CUSID276,7/9/2023,Register
AID277,CUSID277,9/9/2023,Home
AID278,CUSID278,1/21/2024,Products
AID279,CUSID279,7/28/2023,Home
AID280,CUSID280,3/27/2023,Products
AID281,CUSID281,8/2/2023,Contact Us
AID282,CUSID282,10/18/2023,About Us
AID283,CUSID283,9/21/2023,Home
AID284,CUSID284,7/31/2023,Products
AID285,CUSID285,12/28/2023,Careers
AID286,CUSID286,10/15/2023,Home
AID287,CUSID287,3/25/2023,Products
AID288,CUSID288,4/27/2023,Product Details
AID289,CUSID289,1/23/2024,Login
AID290,CUSID290,4/29/2023,Register
AID291,CUSID291,10/2/2023,Home
AID292,CUSID292,12/16/2023,Products
AID293,CUSID293,3/22/2023,Contact Us
AID294,CUSID294,11/30/2023,About Us
AID295,CUSID295,10/24/2023,Home
AID296,CUSID296,12/25/2023,Products
AID297,CUSID297,2/17/2024,Careers
AID298,CUSID298,1/17/2024,Home
AID299,CUSID299,9/16/2023,Products
AID300,CUSID300,12/21/2023,Product Details
AID301,CUSID301,12/9/2023,Login
AID302,CUSID302,8/17/2023,Register
AID303,CUSID303,7/26/2023,Home
AID304,CUSID304,10/10/2023,Products
AID305,CUSID305,8/18/2023,Contact Us
AID306,CUSID306,1/22/2024,About Us
AID307,CUSID307,10/11/2023,Home
AID308,CUSID308,12/13/2023,Login
AID309,CUSID309,6/23/2023,Register
AID310,CUSID310,8/28/2023,Home
AID311,CUSID311,2/8/2024,Products
AID312,CUSID312,7/29/2023,Contact Us
AID313,CUSID313,10/29/2023,About Us
AID314,CUSID314,6/6/2023,Home
AID315,CUSID315,1/1/2024,Home
AID316,CUSID316,3/25/2023,Products
AID317,CUSID317,2/18/2024,Contact Us
AID318,CUSID318,4/5/2023,About Us
AID319,CUSID319,7/23/2023,Home
AID320,CUSID320,11/18/2023,Products
AID321,CUSID321,7/9/2023,Careers
AID322,CUSID322,3/3/2023,Home
AID323,CUSID323,9/5/2023,Products
AID324,CUSID324,1/5/2024,Product Details
AID325,CUSID325,1/31/2024,Login
AID326,CUSID326,1/14/2024,Register
AID327,CUSID327,1/11/2024,Home
AID328,CUSID328,10/3/2023,Products
AID329,CUSID329,3/29/2023,Contact Us
AID330,CUSID330,5/22/2023,About Us
AID331,CUSID331,8/24/2023,Home
AID332,CUSID332,12/11/2023,Products
AID333,CUSID333,6/17/2023,Careers
AID334,CUSID334,4/30/2023,Home
AID335,CUSID335,6/23/2023,Products
AID336,CUSID336,10/14/2023,Product Details
AID337,CUSID337,5/24/2023,Login
AID338,CUSID338,6/9/2023,Register
AID339,CUSID339,6/27/2023,Home
AID340,CUSID340,4/15/2023,Products
AID341,CUSID341,2/25/2023,Contact Us
AID342,CUSID342,8/13/2023,About Us
AID343,CUSID343,10/17/2023,Home
AID344,CUSID344,11/12/2023,Login
AID345,CUSID345,5/19/2023,Register
AID346,CUSID346,7/6/2023,Home
AID347,CUSID347,10/22/2023,Products
AID348,CUSID348,11/10/2023,Contact Us
AID349,CUSID349,1/15/2024,About Us
AID350,CUSID350,12/9/2023,Home
AID351,CUSID351,7/15/2023,Home
AID352,CUSID352,10/10/2023,Products
AID353,CUSID353,6/6/2023,Contact Us
AID354,CUSID354,9/21/2023,About Us
AID355,CUSID355,9/21/2023,Home
AID356,CUSID356,4/30/2023,Products
AID357,CUSID357,11/19/2023,Careers
AID358,CUSID358,3/11/2023,Home
AID359,CUSID359,9/29/2023,Products
AID360,CUSID360,1/28/2024,Product Details
AID361,CUSID361,2/12/2024,Login
AID362,CUSID362,4/10/2023,Register
AID363,CUSID363,12/30/2023,Home
AID364,CUSID364,12/22/2023,Products
AID365,CUSID365,1/9/2024,Contact Us
AID366,CUSID366,8/15/2023,About Us
AID367,CUSID367,11/16/2023,Home
AID368,CUSID368,2/28/2023,Products
AID369,CUSID369,6/4/2023,Careers
AID370,CUSID370,12/29/2023,Home
AID371,CUSID371,9/7/2023,Products
AID372,CUSID372,6/16/2023,Product Details
AID373,CUSID373,5/29/2023,Login
AID374,CUSID374,4/10/2023,Register
AID375,CUSID375,3/9/2023,Home
AID376,CUSID376,10/21/2023,Products
AID377,CUSID377,1/28/2024,Contact Us
AID378,CUSID378,12/4/2023,About Us
AID379,CUSID379,9/20/2023,Home
AID380,CUSID380,7/16/2023,Login
AID381,CUSID381,5/29/2023,Register
AID382,CUSID382,2/27/2023,Home
AID383,CUSID383,7/30/2023,Products
AID384,CUSID384,8/26/2023,Contact Us
AID385,CUSID385,1/24/2024,About Us
AID386,CUSID386,6/29/2023,Home
AID387,CUSID387,8/9/2023,Logout
AID388,CUSID388,4/17/2023,Feedback
AID389,CUSID389,4/29/2023,Wishlist
AID390,CUSID390,5/17/2023,Cart
AID391,CUSID391,5/23/2023,Cart
AID392,CUSID392,5/21/2023,Cart
AID393,CUSID393,6/5/2023,Cart
AID394,CUSID394,7/14/2023,Wishlist
AID395,CUSID395,8/1/2023,Wishlist
AID396,CUSID396,11/11/2023,Wishlist
AID397,CUSID397,11/7/2023,Cart
AID398,CUSID398,11/27/2023,Home
AID399,CUSID399,7/2/2023,Logout
AID400,CUSID400,4/3/2023,Feedback
AID401,CUSID401,1/3/2024,Wishlist
AID402,CUSID402,5/29/2023,Cart
AID403,CUSID403,12/20/2023,Cart
AID404,CUSID404,3/23/2023,Feedback
AID405,CUSID405,9/7/2023,Wishlist
AID406,CUSID406,5/18/2023,Feedback
AID407,CUSID407,10/25/2023,Wishlist
AID408,CUSID408,3/30/2023,Feedback
AID409,CUSID409,1/24/2024,Wishlist
AID410,CUSID410,11/18/2023,Register
AID411,CUSID411,7/13/2023,Home
AID412,CUSID412,7/5/2023,Products
AID413,CUSID413,3/2/2023,Contact Us
AID414,CUSID414,10/20/2023,About Us
AID415,CUSID415,1/11/2024,Register
AID416,CUSID416,12/23/2023,Home
AID417,CUSID417,10/9/2023,Products
AID418,CUSID418,4/22/2023,Contact Us
AID419,CUSID419,8/11/2023,About Us
AID420,CUSID420,10/14/2023,Contact Us
AID421,CUSID421,7/22/2023,About Us
AID422,CUSID422,10/30/2023,Contact Us
AID423,CUSID423,5/8/2023,About Us
AID424,CUSID424,6/8/2023,Contact Us
AID425,CUSID425,8/16/2023,About Us
AID426,CUSID426,2/5/2024,Contact Us
AID427,CUSID427,10/2/2023,About Us
AID428,CUSID428,8/6/2023,Contact Us
AID429,CUSID429,6/23/2023,About Us
AID430,CUSID430,12/19/2023,Contact Us
AID431,CUSID431,10/15/2023,About Us
AID432,CUSID432,1/29/2024,Products
AID433,CUSID433,11/21/2023,Products
AID434,CUSID434,6/7/2023,Products
AID435,CUSID435,11/13/2023,Products
AID436,CUSID436,2/11/2024,Products
AID437,CUSID437,10/27/2023,Products
AID438,CUSID438,7/27/2023,Products
AID439,CUSID439,6/25/2023,Products
AID440,CUSID440,7/9/2023,Products
AID441,CUSID441,10/10/2023,Products
AID442,CUSID442,7/23/2023,Products
AID443,CUSID443,12/10/2023,Products
AID444,CUSID444,2/16/2024,Login
AID445,CUSID445,10/16/2023,Register
AID446,CUSID446,2/10/2024,Home
AID447,CUSID447,11/16/2023,Products
AID448,CUSID448,8/2/2023,Contact Us
AID449,CUSID449,1/7/2024,About Us
AID450,CUSID450,8/14/2023,Home
AID451,CUSID451,8/22/2023,Logout
AID452,CUSID452,11/5/2023,Feedback
AID453,CUSID453,4/4/2023,Wishlist
AID454,CUSID454,3/21/2023,Login
AID455,CUSID455,8/8/2023,Register
AID456,CUSID456,2/20/2023,Home
AID457,CUSID457,11/22/2023,Products
AID458,CUSID458,11/14/2023,Contact Us
AID459,CUSID459,9/14/2023,About Us
AID460,CUSID460,2/13/2024,Home
AID461,CUSID461,1/25/2024,Logout
AID462,CUSID462,11/6/2023,Feedback
AID463,CUSID463,2/5/2024,Wishlist
AID464,CUSID464,3/7/2023,Login
AID465,CUSID465,10/21/2023,Register
AID466,CUSID466,12/4/2023,Home
AID467,CUSID467,7/6/2023,Products
AID468,CUSID468,5/24/2023,Contact Us
AID469,CUSID469,11/21/2023,About Us
AID470,CUSID470,1/24/2024,Home
AID471,CUSID471,12/11/2023,Logout
AID472,CUSID472,6/22/2023,Feedback
AID473,CUSID473,9/24/2023,Wishlist
AID474,CUSID474,11/21/2023,Login
AID475,CUSID475,4/25/2023,Register
AID476,CUSID476,6/10/2023,Home
AID477,CUSID477,9/29/2023,Products
AID478,CUSID478,1/18/2024,Contact Us
AID479,CUSID479,11/11/2023,About Us
AID480,CUSID480,9/24/2023,Home
AID481,CUSID481,4/29/2023,Logout
AID482,CUSID482,2/4/2024,Feedback
AID483,CUSID483,12/10/2023,Wishlist
AID484,CUSID484,11/3/2023,Login
AID485,CUSID485,4/10/2023,Register
AID486,CUSID486,2/14/2024,Home
AID487,CUSID487,12/26/2023,Products
AID488,CUSID488,5/29/2023,Contact Us
AID489,CUSID489,12/18/2023,About Us
AID490,CUSID490,7/26/2023,Home
AID491,CUSID491,10/13/2023,Logout
AID492,CUSID492,2/8/2024,Feedback
AID493,CUSID493,1/1/2024,Wishlist
AID494,CUSID494,10/24/2023,Login
AID495,CUSID495,4/29/2023,Register
AID496,CUSID496,7/13/2023,Home
AID497,CUSID497,9/4/2023,Products
AID498,CUSID498,10/1/2023,Contact Us
AID499,CUSID499,1/26/2024,About Us
AID500,CUSID500,1/29/2024,Home
AID501,CUSID501,7/31/2023,Logout
AID502,CUSID502,6/7/2023,Feedback
AID503,CUSID503,7/23/2023,Wishlist
AID504,CUSID504,4/15/2023,Cart
AID505,CUSID505,8/18/2023,Cart
AID506,CUSID506,7/22/2023,Cart
AID507,CUSID507,1/30/2024,Cart
AID508,CUSID508,7/10/2023,Cart
AID509,CUSID509,7/14/2023,Cart
AID510,CUSID510,3/16/2023,Cart
AID511,CUSID511,3/31/2023,Cart
AID512,CUSID512,4/3/2023,Cart
AID513,CUSID513,4/3/2023,Cart
AID514,CUSID514,4/12/2023,Cart
AID515,CUSID515,10/1/2023,Login
AID516,CUSID516,12/21/2023,Register
AID517,CUSID517,4/2/2023,Home
AID518,CUSID518,6/17/2023,Products
AID519,CUSID519,1/31/2024,Contact Us
AID520,CUSID520,8/26/2023,About Us
AID521,CUSID521,2/14/2024,Home
AID522,CUSID522,3/9/2023,Logout
AID523,CUSID523,1/20/2024,Feedback
AID524,CUSID524,8/7/2023,Wishlist
AID525,CUSID525,8/18/2023,Login
AID526,CUSID526,8/17/2023,Register
AID527,CUSID527,12/19/2023,Home
AID528,CUSID528,6/14/2023,Products
AID529,CUSID529,1/7/2024,Login
AID530,CUSID530,1/9/2024,Register
AID531,CUSID531,2/3/2024,Home
AID532,CUSID532,7/3/2023,Products
AID533,CUSID533,6/18/2023,Contact Us
AID534,CUSID534,7/6/2023,About Us
AID535,CUSID535,12/27/2023,Home
AID536,CUSID536,8/19/2023,Logout
AID537,CUSID537,3/29/2023,Feedback
AID538,CUSID538,9/11/2023,Wishlist
AID539,CUSID539,2/7/2024,Login
AID540,CUSID540,10/17/2023,Register
AID541,CUSID541,3/9/2023,Home
AID542,CUSID542,7/21/2023,Products
AID543,CUSID543,8/18/2023,Login
AID544,CUSID544,8/25/2023,Register
AID545,CUSID545,2/13/2024,Home
AID546,CUSID546,9/20/2023,Products
AID547,CUSID547,12/28/2023,Contact Us
AID548,CUSID548,5/15/2023,About Us
AID549,CUSID549,7/9/2023,Home
AID550,CUSID550,12/23/2023,Logout
AID551,CUSID551,1/2/2024,Feedback
AID552,CUSID552,9/12/2023,Wishlist
AID553,CUSID553,7/24/2023,Login
AID554,CUSID554,2/9/2024,Register
AID555,CUSID555,8/31/2023,Home
AID556,CUSID556,4/1/2023,Products
AID557,CUSID557,8/31/2023,Home
AID558,CUSID558,5/10/2023,Products
AID559,CUSID559,12/4/2023,Contact Us
AID560,CUSID560,5/14/2023,About Us
AID561,CUSID561,7/6/2023,Home
AID562,CUSID562,10/2/2023,Products
AID563,CUSID563,11/12/2023,Careers
AID564,CUSID564,1/27/2024,Home
AID565,CUSID565,2/23/2023,Products
AID566,CUSID566,7/15/2023,Product Details
AID567,CUSID567,9/7/2023,Login
AID568,CUSID568,11/26/2023,Register
AID569,CUSID569,5/29/2023,Home
AID570,CUSID570,6/12/2023,Products
AID571,CUSID571,5/19/2023,Contact Us
AID572,CUSID572,3/10/2023,About Us
AID573,CUSID573,12/18/2023,Home
AID574,CUSID574,8/26/2023,Products
AID575,CUSID575,5/25/2023,Careers
AID576,CUSID576,7/30/2023,Home
AID577,CUSID577,6/17/2023,Products
AID578,CUSID578,4/14/2023,Product Details
AID579,CUSID579,10/29/2023,Login
AID580,CUSID580,5/27/2023,Register
AID581,CUSID581,2/13/2024,Home
AID582,CUSID582,5/21/2023,Products
AID583,CUSID583,12/20/2023,Contact Us
AID584,CUSID584,12/20/2023,About Us
AID585,CUSID585,12/4/2023,Home
AID586,CUSID586,3/14/2023,Login
AID587,CUSID587,3/10/2023,Register
AID588,CUSID588,1/10/2024,Home
AID589,CUSID589,4/11/2023,Products
AID590,CUSID590,9/26/2023,Contact Us
AID591,CUSID591,5/29/2023,About Us
AID592,CUSID592,10/28/2023,Home
AID593,CUSID593,5/6/2023,Home
AID594,CUSID594,6/19/2023,Products
AID595,CUSID595,6/1/2023,Contact Us
AID596,CUSID596,6/10/2023,About Us
AID597,CUSID597,5/23/2023,Home
AID598,CUSID598,1/1/2024,Products
AID599,CUSID599,1/29/2024,Careers
AID600,CUSID600,9/24/2023,Home
AID601,CUSID601,1/13/2024,Products
AID602,CUSID602,8/5/2023,Product Details
AID603,CUSID603,5/21/2023,Login
AID604,CUSID604,10/3/2023,Register
AID605,CUSID605,10/17/2023,Home
AID606,CUSID606,3/16/2023,Products
AID607,CUSID607,1/31/2024,Contact Us
AID608,CUSID608,10/16/2023,About Us
AID609,CUSID609,1/9/2024,Home
AID610,CUSID610,3/9/2023,Products
AID611,CUSID611,7/29/2023,Careers
AID612,CUSID612,9/25/2023,Home
AID613,CUSID613,9/8/2023,Products
AID614,CUSID614,6/20/2023,Product Details
AID615,CUSID615,4/21/2023,Login
AID616,CUSID616,1/13/2024,Register
AID617,CUSID617,11/20/2023,Home
AID618,CUSID618,11/12/2023,Products
AID619,CUSID619,10/12/2023,Contact Us
AID620,CUSID620,6/16/2023,About Us
AID621,CUSID621,3/3/2023,Home
AID622,CUSID622,12/1/2023,Login
AID623,CUSID623,11/24/2023,Register
AID624,CUSID624,4/17/2023,Home
AID625,CUSID625,10/20/2023,Products
AID626,CUSID626,5/27/2023,Contact Us
AID627,CUSID627,6/16/2023,About Us
AID628,CUSID628,10/11/2023,Home
AID629,CUSID629,1/21/2024,Home
AID630,CUSID630,8/20/2023,Products
AID631,CUSID631,2/2/2024,Contact Us
AID632,CUSID632,12/10/2023,About Us
AID633,CUSID633,1/31/2024,Home
AID634,CUSID634,12/15/2023,Products
AID635,CUSID635,6/24/2023,Careers
AID636,CUSID636,3/17/2023,Home
AID637,CUSID637,4/15/2023,Products
AID638,CUSID638,3/14/2023,Product Details
AID639,CUSID639,9/20/2023,Login
AID640,CUSID640,1/3/2024,Register
AID641,CUSID641,3/17/2023,Home
AID642,CUSID642,5/22/2023,Products
AID643,CUSID643,9/29/2023,Contact Us
AID644,CUSID644,8/11/2023,About Us
AID645,CUSID645,10/27/2023,Home
AID646,CUSID646,5/15/2023,Products
AID647,CUSID647,11/29/2023,Careers
AID648,CUSID648,5/4/2023,Home
AID649,CUSID649,5/4/2023,Products
AID650,CUSID650,10/4/2023,Product Details
AID651,CUSID651,10/29/2023,Login
AID652,CUSID652,10/2/2023,Register
AID653,CUSID653,9/27/2023,Home
AID654,CUSID654,1/13/2024,Products
AID655,CUSID655,12/14/2023,Contact Us
AID656,CUSID656,10/12/2023,About Us
AID657,CUSID657,5/12/2023,Home
AID658,CUSID658,3/2/2023,Login
AID659,CUSID659,5/12/2023,Register
AID660,CUSID660,7/6/2023,Home
AID661,CUSID661,9/23/2023,Products
AID662,CUSID662,2/28/2023,Contact Us
AID663,CUSID663,7/1/2023,About Us
AID664,CUSID664,12/23/2023,Home
AID665,CUSID665,5/4/2023,Logout
AID666,CUSID666,2/4/2024,Feedback
AID667,CUSID667,8/15/2023,Wishlist
AID668,CUSID668,5/20/2023,Cart
AID669,CUSID669,8/3/2023,Cart
AID670,CUSID670,7/1/2023,Cart
AID671,CUSID671,4/19/2023,Cart
AID672,CUSID672,9/15/2023,Wishlist
AID673,CUSID673,9/20/2023,Wishlist
AID674,CUSID674,9/21/2023,Wishlist
AID675,CUSID675,3/31/2023,Cart
AID676,CUSID676,2/4/2024,Home
AID677,CUSID677,4/2/2023,Logout
AID678,CUSID678,10/26/2023,Feedback
AID679,CUSID679,8/29/2023,Wishlist
AID680,CUSID680,2/1/2024,Cart
AID681,CUSID681,10/26/2023,Cart
AID682,CUSID682,11/30/2023,Feedback
AID683,CUSID683,3/2/2023,Wishlist
AID684,CUSID684,4/27/2023,Feedback
AID685,CUSID685,5/15/2023,Wishlist
AID686,CUSID686,7/17/2023,Feedback
AID687,CUSID687,8/1/2023,Wishlist
AID688,CUSID688,11/5/2023,Register
AID689,CUSID689,9/9/2023,Home
AID690,CUSID690,2/14/2024,Products
AID691,CUSID691,5/7/2023,Contact Us
AID692,CUSID692,12/29/2023,About Us
AID693,CUSID693,11/20/2023,Register
AID694,CUSID694,6/8/2023,Home
AID695,CUSID695,1/29/2024,Products
AID696,CUSID696,12/12/2023,Contact Us
AID697,CUSID697,12/1/2023,About Us
AID698,CUSID698,6/20/2023,Contact Us
AID699,CUSID699,7/10/2023,About Us
AID700,CUSID700,12/4/2023,Contact Us
AID701,CUSID701,1/14/2024,About Us
AID702,CUSID702,9/6/2023,Contact Us
AID703,CUSID703,12/19/2023,About Us
AID704,CUSID704,4/23/2023,Contact Us
AID705,CUSID705,9/11/2023,About Us
AID706,CUSID706,11/11/2023,Contact Us
AID707,CUSID707,1/18/2024,About Us
AID708,CUSID708,11/18/2023,Contact Us
AID709,CUSID709,8/30/2023,About Us
AID710,CUSID710,7/31/2023,Products
AID711,CUSID711,2/8/2024,Products
AID712,CUSID712,4/1/2023,Products
AID713,CUSID713,2/13/2024,Products
AID714,CUSID714,7/17/2023,Products
AID715,CUSID715,5/10/2023,Products
AID716,CUSID716,3/27/2023,Products
AID717,CUSID717,3/19/2023,Products
AID718,CUSID718,8/27/2023,Products
AID719,CUSID719,3/2/2023,Products
AID720,CUSID720,10/25/2023,Products
AID721,CUSID721,2/9/2024,Products
AID722,CUSID722,10/15/2023,Login
AID723,CUSID723,7/8/2023,Register
AID724,CUSID724,7/9/2023,Home
AID725,CUSID725,7/10/2023,Products
AID726,CUSID726,12/17/2023,Contact Us
AID727,CUSID727,12/17/2023,About Us
AID728,CUSID728,5/14/2023,Home
AID729,CUSID729,11/14/2023,Logout
AID730,CUSID730,12/4/2023,Feedback
AID731,CUSID731,7/23/2023,Wishlist
AID732,CUSID732,12/30/2023,Login
AID733,CUSID733,3/9/2023,Register
AID734,CUSID734,11/24/2023,Home
AID735,CUSID735,1/10/2024,Products
AID736,CUSID736,2/1/2024,Contact Us
AID737,CUSID737,8/25/2023,About Us
AID738,CUSID738,1/27/2024,Home
AID739,CUSID739,9/5/2023,Logout
AID740,CUSID740,9/13/2023,Feedback
AID741,CUSID741,6/1/2023,Wishlist
AID742,CUSID742,4/12/2023,Login
AID743,CUSID743,6/7/2023,Register
AID744,CUSID744,8/27/2023,Home
AID745,CUSID745,7/25/2023,Products
AID746,CUSID746,4/3/2023,Contact Us
AID747,CUSID747,2/11/2024,About Us
AID748,CUSID748,9/23/2023,Home
AID749,CUSID749,10/14/2023,Logout
AID750,CUSID750,3/19/2023,Feedback
AID751,CUSID751,12/4/2023,Wishlist
AID752,CUSID752,12/16/2023,Login
AID753,CUSID753,4/23/2023,Register
AID754,CUSID754,11/23/2023,Home
AID755,CUSID755,10/19/2023,Products
AID756,CUSID756,9/29/2023,Contact Us
AID757,CUSID757,2/6/2024,About Us
AID758,CUSID758,3/15/2023,Home
AID759,CUSID759,10/26/2023,Logout
AID760,CUSID760,10/12/2023,Feedback
AID761,CUSID761,12/20/2023,Wishlist
AID762,CUSID762,4/4/2023,Login
AID763,CUSID763,6/6/2023,Register
AID764,CUSID764,6/12/2023,Home
AID765,CUSID765,1/22/2024,Products
AID766,CUSID766,12/23/2023,Contact Us
AID767,CUSID767,11/21/2023,About Us
AID768,CUSID768,9/29/2023,Home
AID769,CUSID769,11/12/2023,Logout
AID770,CUSID770,3/28/2023,Feedback
AID771,CUSID771,4/12/2023,Wishlist
AID772,CUSID772,5/20/2023,Login
AID773,CUSID773,5/7/2023,Register
AID774,CUSID774,5/21/2023,Home
AID775,CUSID775,10/15/2023,Products
AID776,CUSID776,4/30/2023,Contact Us
AID777,CUSID777,6/22/2023,About Us
AID778,CUSID778,1/6/2024,Home
AID779,CUSID779,6/7/2023,Logout
AID780,CUSID780,1/8/2024,Feedback
AID781,CUSID781,7/3/2023,Wishlist
AID782,CUSID782,4/10/2023,Cart
AID783,CUSID783,8/26/2023,Cart
AID784,CUSID784,6/1/2023,Cart
AID785,CUSID785,7/9/2023,Cart
AID786,CUSID786,8/21/2023,Cart
AID787,CUSID787,4/27/2023,Cart
AID788,CUSID788,5/18/2023,Cart
AID789,CUSID789,12/4/2023,Cart
AID790,CUSID790,9/1/2023,Cart
AID791,CUSID791,10/15/2023,Cart
AID792,CUSID792,8/29/2023,Cart
AID793,CUSID793,2/10/2024,Login
AID794,CUSID794,10/3/2023,Register
AID795,CUSID795,3/29/2023,Home
AID796,CUSID796,4/16/2023,Products
AID797,CUSID797,2/4/2024,Contact Us
AID798,CUSID798,10/5/2023,About Us
AID799,CUSID799,6/5/2023,Home
AID800,CUSID800,12/10/2023,Logout
AID801,CUSID801,8/14/2023,Feedback
AID802,CUSID802,9/1/2023,Wishlist
AID803,CUSID803,5/21/2023,Login
AID804,CUSID804,8/30/2023,Register
AID805,CUSID805,10/28/2023,Home
AID806,CUSID806,9/30/2023,Products
AID807,CUSID807,4/11/2023,Login
AID808,CUSID808,10/31/2023,Register
AID809,CUSID809,4/25/2023,Home
AID810,CUSID810,7/11/2023,Products
AID811,CUSID811,10/19/2023,Contact Us
AID812,CUSID812,8/2/2023,About Us
AID813,CUSID813,12/11/2023,Home
AID814,CUSID814,9/30/2023,Logout
AID815,CUSID815,4/5/2023,Feedback
AID816,CUSID816,12/3/2023,Wishlist
AID817,CUSID817,10/11/2023,Login
AID818,CUSID818,6/14/2023,Register
AID819,CUSID819,2/3/2024,Home
AID820,CUSID820,12/14/2023,Products
AID821,CUSID821,2/19/2024,Login
AID822,CUSID822,6/26/2023,Register
AID823,CUSID823,5/11/2023,Home
AID824,CUSID824,12/23/2023,Products
AID825,CUSID825,4/9/2023,Contact Us
AID826,CUSID826,5/3/2023,About Us
AID827,CUSID827,7/27/2023,Home
AID828,CUSID828,2/13/2024,Logout
AID829,CUSID829,4/3/2023,Feedback
AID830,CUSID830,4/22/2023,Wishlist
AID831,CUSID831,6/21/2023,Login
AID832,CUSID832,11/28/2023,Register
AID833,CUSID833,10/7/2023,Home
AID834,CUSID834,1/20/2024,Products
AID835,CUSID835,2/1/2024,Home
AID836,CUSID836,8/9/2023,Logout
AID837,CUSID837,6/23/2023,Feedback
AID838,CUSID838,11/19/2023,Wishlist
AID839,CUSID839,1/28/2024,Login
AID840,CUSID840,12/12/2023,Register
AID841,CUSID841,4/13/2023,Home
AID842,CUSID842,2/25/2023,Products
AID843,CUSID843,6/25/2023,Login
AID844,CUSID844,7/26/2023,Register
AID845,CUSID845,8/17/2023,Home
AID846,CUSID846,2/9/2024,Products
AID847,CUSID847,2/26/2023,Contact Us
AID848,CUSID848,3/23/2023,About Us
AID849,CUSID849,5/12/2023,Home
AID850,CUSID850,4/25/2023,Logout
AID851,CUSID851,2/26/2023,Feedback
AID852,CUSID852,10/1/2023,Wishlist
AID853,CUSID853,9/9/2023,Login
AID854,CUSID854,10/6/2023,Register
AID855,CUSID855,1/11/2024,Home
AID856,CUSID856,10/14/2023,Logout
AID857,CUSID857,12/30/2023,Feedback
AID858,CUSID858,10/28/2023,Wishlist
AID859,CUSID859,12/18/2023,Login
AID860,CUSID860,5/18/2023,Register
AID861,CUSID861,10/13/2023,Home
AID862,CUSID862,10/27/2023,Products
AID863,CUSID863,5/21/2023,Login
AID864,CUSID864,1/5/2024,Register
AID865,CUSID865,5/19/2023,Home
AID866,CUSID866,2/27/2023,Products
AID867,CUSID867,6/5/2023,Contact Us
AID868,CUSID868,9/15/2023,About Us
AID869,CUSID869,4/16/2023,Home
AID870,CUSID870,6/3/2023,Logout
AID871,CUSID871,1/18/2024,Feedback
AID872,CUSID872,3/23/2023,Wishlist
AID873,CUSID873,1/25/2024,Login
AID874,CUSID874,8/8/2023,Register
AID875,CUSID875,12/28/2023,Home
AID876,CUSID876,2/18/2024,Logout
AID877,CUSID877,1/9/2024,Feedback
AID878,CUSID878,8/13/2023,Wishlist
AID879,CUSID879,5/9/2023,Login
AID880,CUSID880,5/19/2023,Register
AID881,CUSID881,9/12/2023,Home
AID882,CUSID882,3/24/2023,Products
AID883,CUSID883,10/24/2023,Login
AID884,CUSID884,2/17/2024,Register
AID885,CUSID885,4/24/2023,Home
AID886,CUSID886,8/16/2023,Products
AID887,CUSID887,6/6/2023,Contact Us
AID888,CUSID888,5/17/2023,About Us
AID889,CUSID889,10/12/2023,Home
AID890,CUSID890,4/20/2023,Logout
AID891,CUSID891,12/5/2023,Feedback
AID892,CUSID892,7/27/2023,Wishlist
AID893,CUSID893,9/29/2023,Login
AID894,CUSID894,12/18/2023,Register
AID895,CUSID895,9/7/2023,Home
AID896,CUSID896,7/23/2023,Logout
AID897,CUSID897,11/7/2023,Feedback
AID898,CUSID898,5/13/2023,Wishlist
AID899,CUSID899,3/5/2023,Login
AID900,CUSID900,7/22/2023,Register
AID901,CUSID901,10/29/2023,Home
AID902,CUSID902,4/29/2023,Products
AID903,CUSID903,5/7/2023,Login
AID904,CUSID904,4/8/2023,Register
AID905,CUSID905,2/8/2024,Home
AID906,CUSID906,7/12/2023,Products
AID907,CUSID907,5/7/2023,Contact Us
AID908,CUSID908,9/22/2023,About Us
AID909,CUSID909,1/17/2024,Home
AID910,CUSID910,9/2/2023,Logout
AID911,CUSID911,6/5/2023,Feedback
AID912,CUSID912,1/9/2024,Wishlist
AID913,CUSID913,7/24/2023,Login
AID914,CUSID914,10/16/2023,Register
AID915,CUSID915,6/5/2023,Home
AID916,CUSID916,6/7/2023,Logout
AID917,CUSID917,8/8/2023,Feedback
AID918,CUSID918,10/2/2023,Wishlist
AID919,CUSID919,11/27/2023,Login
AID920,CUSID920,9/25/2023,Register
AID921,CUSID921,2/7/2024,Home
AID922,CUSID922,6/1/2023,Products
AID923,CUSID923,8/14/2023,Login
AID924,CUSID924,12/20/2023,Register
AID925,CUSID925,6/5/2023,Home
AID926,CUSID926,5/24/2023,Products
AID927,CUSID927,5/27/2023,Contact Us
AID928,CUSID928,6/13/2023,About Us
AID929,CUSID929,1/6/2024,Home
AID930,CUSID930,2/26/2023,Logout
AID931,CUSID931,5/26/2023,Feedback
AID932,CUSID932,12/6/2023,Wishlist
AID933,CUSID933,6/13/2023,Login
AID934,CUSID934,1/16/2024,Register
AID935,CUSID935,7/24/2023,Home
AID936,CUSID936,2/13/2024,Logout
AID937,CUSID937,10/21/2023,Feedback
AID938,CUSID938,1/23/2024,Wishlist
AID939,CUSID939,12/9/2023,Login
AID940,CUSID940,3/24/2023,Register
AID941,CUSID941,4/16/2023,Home
AID942,CUSID942,10/16/2023,Products
AID943,CUSID943,10/13/2023,Login
AID944,CUSID944,4/20/2023,Register
AID945,CUSID945,4/29/2023,Home
AID946,CUSID946,9/19/2023,Products
AID947,CUSID947,5/20/2023,Contact Us
AID948,CUSID948,3/3/2023,About Us
AID949,CUSID949,12/5/2023,Home
AID950,CUSID950,10/27/2023,Logout
AID951,CUSID951,3/9/2023,Feedback
AID952,CUSID952,12/14/2023,Wishlist
AID953,CUSID953,4/10/2023,Login
AID954,CUSID954,6/12/2023,Register
AID955,CUSID955,1/22/2024,Home
AID956,CUSID956,7/7/2023,Logout
AID957,CUSID957,1/1/2024,Feedback
AID958,CUSID958,4/21/2023,Wishlist
AID959,CUSID959,8/19/2023,Login
AID960,CUSID960,5/17/2023,Register
AID961,CUSID961,5/21/2023,Home
AID962,CUSID962,1/30/2024,Products
AID963,CUSID963,3/19/2023,Login
AID964,CUSID964,4/27/2023,Register
AID965,CUSID965,7/17/2023,Home
AID966,CUSID966,12/17/2023,Products
AID967,CUSID967,7/19/2023,Contact Us
AID968,CUSID968,12/31/2023,About Us
AID969,CUSID969,10/30/2023,Home
AID970,CUSID970,10/21/2023,Logout
AID971,CUSID971,6/11/2023,Feedback
AID972,CUSID972,5/14/2023,Wishlist
AID973,CUSID973,12/12/2023,Login
AID974,CUSID974,8/17/2023,Register
AID975,CUSID975,11/27/2023,Home
AID976,CUSID976,8/6/2023,Logout
AID977,CUSID977,9/1/2023,Feedback
AID978,CUSID978,7/29/2023,Wishlist
AID979,CUSID979,11/25/2023,Login
AID980,CUSID980,12/24/2023,Register
AID981,CUSID981,2/21/2023,Home
AID982,CUSID982,9/20/2023,Products
AID983,CUSID983,9/14/2023,Login
AID984,CUSID984,2/27/2023,Register
AID985,CUSID985,11/11/2023,Home
AID986,CUSID986,5/27/2023,Products
AID987,CUSID987,3/16/2023,Contact Us
AID988,CUSID988,4/11/2023,About Us
AID989,CUSID989,2/6/2024,Home
AID990,CUSID990,2/4/2024,Logout
AID991,CUSID991,11/18/2023,Feedback
AID992,CUSID992,1/25/2024,Wishlist
AID993,CUSID993,11/2/2023,Login
AID994,CUSID994,6/30/2023,Register
AID995,CUSID995,5/14/2023,Wishlist
AID996,CUSID996,10/31/2023,Wishlist
AID997,CUSID997,9/22/2023,Wishlist
AID998,CUSID998,12/12/2023,Wishlist
AID999,CUSID999,4/24/2023,Wishlist
AID1000,CUSID1000,6/21/2023,Wishlist
